stargatefinance,0x81EAb64E630C4a2E3E849268A6B64cb76D1C8109,,
pyth,0x8250f4aF4B972684F7b336503E2D6dFeDeB1487a,,
caldera,0x87Ef0aB1189F76eBCaEe736A5EB8F639a8cF156d,,
parallel,0x8982Bd35f40f95f348A06902474BE0b5872c1D31,,
jumper,0x91aD352C1e419E6AA579F6a9307A7D88b28a147C,,
bsx,0x974dD3B4e5E00BC3117Fbba15E521B6B5aFC151C,,
seamless,0xA1b5f2cc9B407177CD8a4ACF1699fa0b99955A22,,
ankr,0xA30a04384c162f4458aa5919a0FAE2db579d802a,,
oku,0xa6e8772af29b29B9202a073f8E36f447689BEef6,,
odos,0xa7471690db0c93a7F827D1894c78Df7379be11c0,,
gelato,0xAabB54394E8dd61Dd70897E9c80be8de7C64A895,,
aave,0xac140648435d03f784879cd789130F22Ef588Fcd,,
rugfun,0xAC5D18e17267Df1D6fdf7E76F974f3a405fE14f1,,
decent,0xAcCC1fe6537eb8EB56b31CcFC48Eb9363e8dd32E,,
qidao,0xAd95A5fE898679B927C266eB2eDfAbC7fe268C27,,
extrafinance,0xB04A484387a7242339DA615A63D2d49D8968aaDa,,
drpc,0xB12C13975A4e928BC09432Dbd1eD3fd832Bf99e5,,
worldmobile,0xB539e34936b0160A9c3b1E449f368e5942a9244C,,
blast,0xb8950c47e8b9e539601cb47a167de8bf4cb1289e,,
unifra,0xbDC205d09D602eCe9F2cc341F3CD02b045965A4d,,